Treasure Deck,Door Deck
Non Equipment Cards,Monster Cards
Non Equipment Cards,Monster Cards
Non Equipment Cards,Monster Cards
Non Equipment Cards,Monster Cards
Non Equipment Cards,Monster Cards
Non Equipment Cards,Monster Cards
Non Equipment Cards,Monster Cards
Non Equipment Cards,Monster Cards
Non Equipment Cards,Monster Cards
Equipment Cards,Monster Cards
Equipment Cards,Monster Cards
Equipment Cards,Monster Cards
Equipment Cards,Monster Cards
Equipment Cards,Monster Cards
Equipment Cards,Monster Cards
Equipment Cards,Monster Cards
Equipment Cards,Monster Cards
Equipment Cards,Monster Cards
Equipment Cards,Monster Cards
Equipment Cards,Monster Cards
Equipment Cards,Monster Cards
Equipment Cards,Monster Cards
Equipment Cards,Monster Cards
Equipment Cards,Monster Cards
Equipment Cards,Monster Cards
Equipment Cards,Monster Cards
Equipment Cards,Monster Cards
Equipment Cards,Monster Cards
Equipment Cards,Monster Cards
Equipment Cards,Monster Cards
Equipment Cards,Monster Cards
Equipment Cards,Monster Cards
Equipment Cards,Monster Cards
Equipment Cards,Monster Cards
Equipment Cards,Monster Cards
Equipment Cards,Monster Cards
Equipment Cards,Monster Cards
Equipment Cards,Curse Cards
Equipment Cards,Curse Cards
Usable once only Cards,Curse Cards
Usable once only Cards,Curse Cards
Usable once only Cards,Curse Cards
Usable once only Cards,Curse Cards
Usable once only Cards,Curse Cards
Usable once only Cards,Curse Cards
Usable once only Cards,Curse Cards
Usable once only Cards,Curse Cards
Usable once only Cards,Curse Cards
Usable once only Cards,Curse Cards
Usable once only Cards,Curse Cards
Usable once only Cards,Curse Cards
Usable once only Cards,Curse Cards
Usable once only Cards,Curse Cards
Usable once only Cards,Curse Cards
Usable once only Cards,Curse Cards
Usable once only Cards,Curse Cards
Usable once only Cards,Effect Cards
Usable once only Cards,Effect Cards
Usable once only Cards,Effect Cards
Usable once only Cards,Effect Cards
Usable once only Cards,Effect Cards
Usable once only Cards,Effect Cards
Usable once only Cards,Effect Cards
Usable once only Cards,Effect Cards
Usable once only Cards,Effect Cards
Usable once only Cards,Effect Cards
Usable once only Cards,Effect Cards
Usable once only Cards,Effect Cards
Usable once only Cards,Effect Cards
Usable once only Cards,Effect Cards
Usable once only Cards,Effect Cards
Usable once only Cards,Effect Cards
Usable once only Cards,Effect Cards
NA,Effect Cards
NA,Race Cards
NA,Race Cards
NA,Race Cards
NA,Race Cards
NA,Race Cards
NA,Race Cards
NA,Race Cards
NA,Race Cards
NA,Race Cards
NA,Class Cards
NA,Class Cards
NA,Class Cards
NA,Class Cards
NA,Class Cards
NA,Class Cards
NA,Class Cards
NA,Class Cards
NA,Class Cards
NA,Class Cards
NA,Class Cards
NA,Class Cards
